Directory Name,Full Path,File Count,Total Size (MB),Directory Hash
2024-09-25,/Users/douglasgarrett/Documents/pictures/test_root/sub folder 2/2024-09-25,16,52.55,643ea2e375a89e2efc152a72e61ec9f9
2024-09-09,/Users/douglasgarrett/Documents/pictures/test_root/sub folder 1/2024-09-09,18,39.98,64d1a0b014f42a8f66916e61ced52f82
diagona-icons-1,/Users/douglasgarrett/Documents/pictures/p.yusukekamiyamane icons/diagona-icons-1,1,0.08,b7a4f66f5b3522028a1b647eb0903968
16,/Users/douglasgarrett/Documents/pictures/p.yusukekamiyamane icons/diagona-icons-1/icons/16,200,0.1,b5056597db69004cd33e0a9addd165d8
10,/Users/douglasgarrett/Documents/pictures/p.yusukekamiyamane icons/diagona-icons-1/icons/10,200,0.07,e280aa90e28d1d6870d71b2e4976a3c3
fugue-icons-3,/Users/douglasgarrett/Documents/pictures/p.yusukekamiyamane icons/fugue-icons-3,1,0.01,56583eef96a31b20a788b13c5ffb9ce9
icons-32,/Users/douglasgarrett/Documents/pictures/p.yusukekamiyamane icons/fugue-icons-3/bonus/icons-32,76,0.1,7c68d8a02e0b436ca8ac3f2461b1d0ae
icons-shadowless-24,/Users/douglasgarrett/Documents/pictures/p.yusukekamiyamane icons/fugue-icons-3/bonus/icons-shadowless-24,256,0.25,7454d87edb1696fed00713f220c0120b
icons-shadowless-32,/Users/douglasgarrett/Documents/pictures/p.yusukekamiyamane icons/fugue-icons-3/bonus/icons-shadowless-32,76,0.09,896a6a4836f6f6d661a41ec2c18f055c
icons-24,/Users/douglasgarrett/Documents/pictures/p.yusukekamiyamane icons/fugue-icons-3/bonus/icons-24,256,0.26,ce86bc67b718aa334637d4fe7522e47d
icons-shadowless-24,/Users/douglasgarrett/Documents/pictures/p.yusukekamiyamane icons/fugue-icons-3/bonus/animated/icons-shadowless-24,1,0.0,548c691ca8c90f442b8f4aca064398b3
icons,/Users/douglasgarrett/Documents/pictures/p.yusukekamiyamane icons/fugue-icons-3/bonus/animated/icons,14,0.04,f7c8104ee57f59f00d95061935f2d934
icons-24,/Users/douglasgarrett/Documents/pictures/p.yusukekamiyamane icons/fugue-icons-3/bonus/animated/icons-24,1,0.0,640020dcdb3e2c6aaa0fa8c5899ac557
icons-shadowless,/Users/douglasgarrett/Documents/pictures/p.yusukekamiyamane icons/fugue-icons-3/bonus/animated/icons-shadowless,14,0.04,66a318b71cb937b1a4d72a1c8edce348
icons,/Users/douglasgarrett/Documents/pictures/p.yusukekamiyamane icons/fugue-icons-3/icons,3551,2.51,e40c750fcbab43173077c55659626d33
icons-shadowless,/Users/douglasgarrett/Documents/pictures/p.yusukekamiyamane icons/fugue-icons-3/icons-shadowless,3551,2.42,62964ae493243294e1438fbc365c3d9e
2025-08-02,/Users/douglasgarrett/Documents/pictures/2025_pictures/2025-08_FL_visitors/2025-08-02,27,76.72,6e754853327146c60e9961d8189ace7d
2025-08-05,/Users/douglasgarrett/Documents/pictures/2025_pictures/2025-08_FL_visitors/2025-08-05,64,171.1,1b546b74822e47151c6b21e906ec7654
2025-08-04,/Users/douglasgarrett/Documents/pictures/2025_pictures/2025-08_FL_visitors/2025-08-04,50,248.56,f188ed348489ee0091f0cfd2e7a93cbc
2025-08-03,/Users/douglasgarrett/Documents/pictures/2025_pictures/2025-08_FL_visitors/2025-08-03,121,432.37,ba53c902749892a58f9ceabd51155a18
2025-08_FL_visitors_videos,/Users/douglasgarrett/Documents/pictures/2025_pictures/2025-08_FL_visitors/2025-08_FL_visitors_videos,10,160.91,77539f1557a110456523244d063f0069
2025_videos,/Users/douglasgarrett/Documents/pictures/2025_pictures/2025_videos,121,3544.35,0b6d80c310e46b4a2e855dce50edfdcf
2025-07-22,/Users/douglasgarrett/Documents/pictures/2025_pictures/2025_misc/2025-07-22,3,6.11,f1cb71702b9f5ce8882b48dda44aabd0
2025-07-14,/Users/douglasgarrett/Documents/pictures/2025_pictures/2025_misc/2025-07-14,3,11.19,be8e91facf5754de5d9accab810572f7
2025-08-08,/Users/douglasgarrett/Documents/pictures/2025_pictures/2025_misc/2025-08-08,1,3.0,894c2a86789e544bac3ccb079ae49020
2025-08-06,/Users/douglasgarrett/Documents/pictures/2025_pictures/2025_misc/2025-08-06,4,10.39,116278eca1902e6f4466a9d2e306f96b
2025-07-15,/Users/douglasgarrett/Documents/pictures/2025_pictures/2025_misc/2025-07-15,5,17.4,e4740f4e958a2d0f0b04792084997cda
2025-07-12,/Users/douglasgarrett/Documents/pictures/2025_pictures/2025_misc/2025-07-12,4,8.65,4ad0c89bf8af27d05971708f94441a93
2025-07-24,/Users/douglasgarrett/Documents/pictures/2025_pictures/2025_misc/2025-07-24,4,8.54,31c610db2aacf0ecc8e79fbeb5fa6e33
2025-07-23,/Users/douglasgarrett/Documents/pictures/2025_pictures/2025_misc/2025-07-23,6,13.21,743ceefad5deff9b823ce01de5ceb0d5
2025-08-07,/Users/douglasgarrett/Documents/pictures/2025_pictures/2025_misc/2025-08-07,2,8.94,ca2a1fe130bca6e0a17ad10a16085008
2025-05-29,/Users/douglasgarrett/Documents/pictures/2025_pictures/2025_misc/2025-05-29,10,28.94,0f56a2f35af28b981e0b8dbc593f15e1
2025-05-20,/Users/douglasgarrett/Documents/pictures/2025_pictures/2025_misc/2025-05-20,7,30.81,8a4bf06257c858b08b964a8190e46300
2025-05-27,/Users/douglasgarrett/Documents/pictures/2025_pictures/2025_misc/2025-05-27,7,33.11,822b1d2ec28b0b426ed04257bd9cfa1c
2025-05-18,/Users/douglasgarrett/Documents/pictures/2025_pictures/2025_misc/2025-05-18,2,8.34,7c76d7e3722b39f04fb35d0fb026e4d9
2025-06-01,/Users/douglasgarrett/Documents/pictures/2025_pictures/2025_misc/2025-06-01,2,2.37,234b90c3c3f66ad6b74cebaccf2ed62b
2025-05-19,/Users/douglasgarrett/Documents/pictures/2025_pictures/2025_misc/2025-05-19,5,27.1,3dd2c5beeb737b8fb6ab8b7cd2f1e937
2025-05-21,/Users/douglasgarrett/Documents/pictures/2025_pictures/2025_misc/2025-05-21,1,4.08,ab74d1473ce242946c23d9d87d957533
2025-06-30,/Users/douglasgarrett/Documents/pictures/2025_pictures/2025_misc/2025-06-30,3,6.48,69ad3f5ae9badc5de56101e0ee3e3687
2025-05-17,/Users/douglasgarrett/Documents/pictures/2025_pictures/2025_misc/2025-05-17,3,6.66,78f4ef3bac06bfde2610d3e36adb4dab
2025-05-28,/Users/douglasgarrett/Documents/pictures/2025_pictures/2025_misc/2025-05-28,3,12.35,91a48bc1840136d8ea884b29f2e7a4fb
2025-08-14,/Users/douglasgarrett/Documents/pictures/2025_pictures/2025_misc/2025-08-14,3,8.49,74e52d0a79dd7b9cc00974250a86eaad
2025-07-30,/Users/douglasgarrett/Documents/pictures/2025_pictures/2025_misc/2025-07-30,1,3.01,15c33d0667d88a921a9813f0d509d48b
2025-07-08,/Users/douglasgarrett/Documents/pictures/2025_pictures/2025_misc/2025-07-08,9,21.97,ad2e80348d11682a1a2b3309385cfef0
2025-08-12,/Users/douglasgarrett/Documents/pictures/2025_pictures/2025_misc/2025-08-12,16,42.96,2ddb7b401a33bfb53f6b2f757b53aae2
2025-07-09,/Users/douglasgarrett/Documents/pictures/2025_pictures/2025_misc/2025-07-09,1,1.71,9e545140c879fe0b892bf0a0128150f5
2025-07-31,/Users/douglasgarrett/Documents/pictures/2025_pictures/2025_misc/2025-07-31,1,3.4,fb31cc7d03e2b1dfdc3186e6fb87ab9e
2025-07-07,/Users/douglasgarrett/Documents/pictures/2025_pictures/2025_misc/2025-07-07,2,7.13,4703da273ff7ca2ae9bfbe104e94e210
2025-07-21,/Users/douglasgarrett/Documents/pictures/2025_pictures/2025_misc/2025-07-21,8,31.69,db87e6fd518deaee7dcf27423193d910
2025-07-10,/Users/douglasgarrett/Documents/pictures/2025_pictures/2025_misc/2025-07-10,17,47.9,b2449da5ed9be86e19eb3a396cde60fd
2025-07-16,/Users/douglasgarrett/Documents/pictures/2025_pictures/2025_misc/2025-07-16,17,24.44,24bc056806c44c1740b3f0fa9fe6ff5f
2025-07-18,/Users/douglasgarrett/Documents/pictures/2025_pictures/2025_misc/2025-07-18,2,7.19,0b99f84e3ae39e8b25fa4fab5c9d1efc
2025-07-27,/Users/douglasgarrett/Documents/pictures/2025_pictures/2025_misc/2025-07-27,1,3.56,8692f706ad47e89fd9c9e6217f70eafb
2025-06-29,/Users/douglasgarrett/Documents/pictures/2025_pictures/2025_misc/2025-06-29,1,5.6,5a9808dcd17a7a36eb9c95de23fac6cc
2025-05-30,/Users/douglasgarrett/Documents/pictures/2025_pictures/2025_misc/2025-05-30,3,3.17,de9d72d013a263b265a1e79990b62cd1
2025-05-15,/Users/douglasgarrett/Documents/pictures/2025_pictures/2025_misc/2025-05-15,1,2.89,d17dfee17103dbc2ed2a8c9074d1b864
2025-05-24,/Users/douglasgarrett/Documents/pictures/2025_pictures/2025_misc/2025-05-24,8,21.11,9d9daed3151efbe8a00d07942936d9b2
2025-05-23,/Users/douglasgarrett/Documents/pictures/2025_pictures/2025_misc/2025-05-23,6,20.08,73e7cdda2b71913b209e88bb45045fc6
2025-06-05,/Users/douglasgarrett/Documents/pictures/2025_pictures/2025_misc/2025-06-05,1,1.23,dff0e796f939808c549a749a3f3f22de
2025-05-22,/Users/douglasgarrett/Documents/pictures/2025_pictures/2025_misc/2025-05-22,12,45.41,ba18ba8b6731ac3eb28155bfbce51dae
2025-06-02,/Users/douglasgarrett/Documents/pictures/2025_pictures/2025_misc/2025-06-02,1,4.78,78f275e49c53f970fe123e957c66f384
2025-07-03,/Users/douglasgarrett/Documents/pictures/2025_pictures/2025_misc/2025-07-03,1,1.92,688bad56a1a404af4c42ef0e98bd83ce
2025-07-04,/Users/douglasgarrett/Documents/pictures/2025_pictures/2025_misc/2025-07-04,1,4.23,f7c81987ba4d78ced7310758bf1e41b2
2025-08-16,/Users/douglasgarrett/Documents/pictures/2025_pictures/2025_misc/2025-08-16,4,21.47,faba5b179f6b4d75db01c6ab55f5d2a8
2025-08-11,/Users/douglasgarrett/Documents/pictures/2025_pictures/2025_misc/2025-08-11,5,18.99,f14b0b422cb339fef35922eaf0d0786a
2025-06-15,/Users/douglasgarrett/Documents/pictures/2025_pictures/2025-06_alaska/2025-06-15,62,254.04,8f9a1172e6dbebb4439324c906684d84
2025-06-12,/Users/douglasgarrett/Documents/pictures/2025_pictures/2025-06_alaska/2025-06-12,72,229.83,b733aac6dcb645879a351429dfba2c55
2025-06-24,/Users/douglasgarrett/Documents/pictures/2025_pictures/2025-06_alaska/2025-06-24,31,97.84,186a6d058b82b73dc6807a92f579ee4f
2025-06-23,/Users/douglasgarrett/Documents/pictures/2025_pictures/2025-06_alaska/2025-06-23,5,6.45,b8927127d7afceb7f6e96937de65ba6d
2025-06-22,/Users/douglasgarrett/Documents/pictures/2025_pictures/2025-06_alaska/2025-06-22,178,515.82,2a3ba728157ec78c5bbd9ba9b03f911d
2025-06-25,/Users/douglasgarrett/Documents/pictures/2025_pictures/2025-06_alaska/2025-06-25,56,173.48,fec3c775bd02106f373fc77557e92c8b
2025-06-13,/Users/douglasgarrett/Documents/pictures/2025_pictures/2025-06_alaska/2025-06-13,119,221.12,694f57376012424326a80c3c23893b7b
2025-06-14,/Users/douglasgarrett/Documents/pictures/2025_pictures/2025-06_alaska/2025-06-14,162,392.32,59f3a29a7dc0c802004fff2d2db38595
2025-06-09,/Users/douglasgarrett/Documents/pictures/2025_pictures/2025-06_alaska/2025-06-09,47,139.74,7ed0732d1e2da0d9dd2f94a4aee4fd1c
2025-06-06,/Users/douglasgarrett/Documents/pictures/2025_pictures/2025-06_alaska/2025-06-06,10,30.32,ac3366489ed1b04f94cb8fb17fad43c1
2025-06-08,/Users/douglasgarrett/Documents/pictures/2025_pictures/2025-06_alaska/2025-06-08,1,1.85,b499a76aa5a83a55e7964918f8bc7629
2025-06-11,/Users/douglasgarrett/Documents/pictures/2025_pictures/2025-06_alaska/2025-06-11,129,370.75,9b338ca6c62995665080daab2003ed25
2025-06-16,/Users/douglasgarrett/Documents/pictures/2025_pictures/2025-06_alaska/2025-06-16,183,588.53,b8d0350e2c2ba5ebd1db371d5c4539f9
2025-06-20,/Users/douglasgarrett/Documents/pictures/2025_pictures/2025-06_alaska/2025-06-20,147,459.24,9a95c89912fdaaead86a28e13ed10713
2025-06-18,/Users/douglasgarrett/Documents/pictures/2025_pictures/2025-06_alaska/2025-06-18,18,46.03,0a9679e5d01c9fcf66b3734385a60c68
2025-06-27,/Users/douglasgarrett/Documents/pictures/2025_pictures/2025-06_alaska/2025-06-27,5,10.57,85da9b1943e6567b167a450d67c45014
2025-06-19,/Users/douglasgarrett/Documents/pictures/2025_pictures/2025-06_alaska/2025-06-19,134,383.66,75901e3f29b8faf49b192433006a2255
2025-06-21,/Users/douglasgarrett/Documents/pictures/2025_pictures/2025-06_alaska/2025-06-21,47,117.14,10e777778ea86f70c9417f6da36139d8
2025-06-28,/Users/douglasgarrett/Documents/pictures/2025_pictures/2025-06_alaska/2025-06-28,3,10.78,f2f3c020694191e0e129fd1cef58c5b0
2025-06-17,/Users/douglasgarrett/Documents/pictures/2025_pictures/2025-06_alaska/2025-06-17,264,613.5,ab32490dccb0d5c55404dbc0e6f327c8
2025-06-10,/Users/douglasgarrett/Documents/pictures/2025_pictures/2025-06_alaska/2025-06-10,24,58.34,c71603955c13713f59b330274aa2dc80
2024-09-12,/Users/douglasgarrett/Documents/pictures/2024-09_china_test/2024-09-12,144,455.22,f7a80d8efe78108de5698ed1541005f7
2024-09-10,/Users/douglasgarrett/Documents/pictures/2024-09_china_test/2024-09-10,213,746.21,89df38cdc35b56e1675369a3c822c112
2024-09-22,/Users/douglasgarrett/Documents/pictures/2024-09_china/2024-09-22,273,880.16,182d074e5fb2ed8738845c8f9938d8f7
2024-09-25,/Users/douglasgarrett/Documents/pictures/2024-09_china/2024-09-25,16,52.55,643ea2e375a89e2efc152a72e61ec9f9
2024-09-13,/Users/douglasgarrett/Documents/pictures/2024-09_china/2024-09-13,129,589.1,71d1d12472587139fb2f4e0fa7e7a7ff
2024-09-14,/Users/douglasgarrett/Documents/pictures/2024-09_china/2024-09-14,89,335.64,3edaa4bd7aa7898232f0501e3111ea25
2024-09-15,/Users/douglasgarrett/Documents/pictures/2024-09_china/2024-09-15,187,576.54,b37e1e6a8d70a058b9555d58d917aff5
2024-09-12,/Users/douglasgarrett/Documents/pictures/2024-09_china/2024-09-12,144,455.22,f7a80d8efe78108de5698ed1541005f7
2024-09-24,/Users/douglasgarrett/Documents/pictures/2024-09_china/2024-09-24,199,649.25,1a1c3e9855c7ba2f110100fac28f0097
2024-09-23,/Users/douglasgarrett/Documents/pictures/2024-09_china/2024-09-23,119,424.35,a5f3e49e5176440cf63d717606af5667
2024-09-09,/Users/douglasgarrett/Documents/pictures/2024-09_china/2024-09-09,18,39.98,64d1a0b014f42a8f66916e61ced52f82
2024-09-19,/Users/douglasgarrett/Documents/pictures/2024-09_china/2024-09-19,220,596.71,1eadcd287991a162622b5051c6f3ba6c
2024-09-21,/Users/douglasgarrett/Documents/pictures/2024-09_china/2024-09-21,39,100.88,8977cf36acdd246c46dcb55b1bd0c966
whats_app,/Users/douglasgarrett/Documents/pictures/2024-09_china/whats_app,401,122.28,0f59cc22800fea6a9dd0f7489198bba0
2024-09-17,/Users/douglasgarrett/Documents/pictures/2024-09_china/2024-09-17,101,357.4,8dc6ff1c92a3bf63bdf3533b195079bd
2024-09-10,/Users/douglasgarrett/Documents/pictures/2024-09_china/2024-09-10,213,746.21,89df38cdc35b56e1675369a3c822c112
_test,/Users/douglasgarrett/Documents/pictures/2024-09_china/2024-09-10/_test,7,21.78,73b977f8c1bb9a7194ab243e3de4f8f6
tbd,/Users/douglasgarrett/Documents/pictures/2024-09_china/2024-09-10/_test/_v02/_by_status/tbd,3,9.28,a9c45a93c498a3fc91678cf870d1a0cc
dup_PXL_20240910_031748596.jpg,/Users/douglasgarrett/Documents/pictures/2024-09_china/2024-09-10/_test/_v02/_by_status/dup_PXL_20240910_031748596.jpg,1,1.86,f34f82736a4d85398d2a114436db7c94
dup_PXL_20240910_031258201.jpg,/Users/douglasgarrett/Documents/pictures/2024-09_china/2024-09-10/_test/_v02/_by_status/dup_PXL_20240910_031258201.jpg,1,4.19,9426be6095e8c3e862a3ca0d3f922158
good,/Users/douglasgarrett/Documents/pictures/2024-09_china/2024-09-10/_test/_v02/_by_status/good,1,2.94,e28c22fc5cc2395690679077f8611c36
dup_PXL_20240910_030525756.jpg,/Users/douglasgarrett/Documents/pictures/2024-09_china/2024-09-10/_test/_v02/_by_status/dup_PXL_20240910_030525756.jpg,1,3.51,d33f71db08d5796973e4c713a3af0d13
tbd,/Users/douglasgarrett/Documents/pictures/2024-09_china/2024-09-10/_test/_v01/_by_status/tbd,2,5.56,c204f7bedbe34eeb43dbc1192b7b3dce
dup_PXL_20240910_031258201.jpg,/Users/douglasgarrett/Documents/pictures/2024-09_china/2024-09-10/_test/_v01/_by_status/dup_PXL_20240910_031258201.jpg,1,4.19,9426be6095e8c3e862a3ca0d3f922158
good,/Users/douglasgarrett/Documents/pictures/2024-09_china/2024-09-10/_test/_v01/_by_status/good,2,7.08,d0bdc769c37c5713cf816d90603abdf2
dup_PXL_20240910_030525756.jpg,/Users/douglasgarrett/Documents/pictures/2024-09_china/2024-09-10/_test/_v01/_by_status/dup_PXL_20240910_030525756.jpg,1,3.51,d33f71db08d5796973e4c713a3af0d13
dup_PXL_20240910_031752163.jpg,/Users/douglasgarrett/Documents/pictures/2024-09_china/2024-09-10/_test/_v01/_by_status/dup_PXL_20240910_031752163.jpg,1,1.45,c61e649ae9300871f3eab6334561f5d0
dup_PXL_20240910_032911280.jpg,/Users/douglasgarrett/Documents/pictures/2024-09_china/2024-09-10/_by_status/dup_PXL_20240910_032911280.jpg,1,2.82,ddc9224570e762c95007ed9bffa4b312
dup_PXL_20240910_041148325.jpg,/Users/douglasgarrett/Documents/pictures/2024-09_china/2024-09-10/_by_status/dup_PXL_20240910_041148325.jpg,5,12.05,1ee81342c16b8d89ef91daa41fd4cf6b
poor quality,/Users/douglasgarrett/Documents/pictures/2024-09_china/2024-09-10/_by_status/poor quality,3,9.04,01653b8a91e3da168ee1b0c5883f1f8a
dup_PXL_20240910_054553131.jpg,/Users/douglasgarrett/Documents/pictures/2024-09_china/2024-09-10/_by_status/dup_PXL_20240910_054553131.jpg,18,67.48,8642254d6532357d34ef51cd098801c3
dup_PXL_20240910_055232046.jpg,/Users/douglasgarrett/Documents/pictures/2024-09_china/2024-09-10/_by_status/dup_PXL_20240910_055232046.jpg,2,6.28,ef71d8fcead76d917eeef02caef3aba9
dup_PXL_20240910_035952231.jpg,/Users/douglasgarrett/Documents/pictures/2024-09_china/2024-09-10/_by_status/dup_PXL_20240910_035952231.jpg,18,59.1,f54413c1ed417918af314b58035775d6
dup_PXL_20240910_041802626.jpg,/Users/douglasgarrett/Documents/pictures/2024-09_china/2024-09-10/_by_status/dup_PXL_20240910_041802626.jpg,55,215.79,a3374e037101a0a2ca2e6d61c93348fa
tbd,/Users/douglasgarrett/Documents/pictures/2024-09_china/2024-09-10/_by_status/tbd,31,98.78,303c67052f142407de14c135109af39d
dup_PXL_20240910_031748596.jpg,/Users/douglasgarrett/Documents/pictures/2024-09_china/2024-09-10/_by_status/dup_PXL_20240910_031748596.jpg,6,9.83,a2f3400ccf155c196f769dc73ad8bf18
dup_PXL_20240910_031258201.jpg,/Users/douglasgarrett/Documents/pictures/2024-09_china/2024-09-10/_by_status/dup_PXL_20240910_031258201.jpg,1,4.19,9426be6095e8c3e862a3ca0d3f922158
dup_PXL_20240910_052048297.jpg,/Users/douglasgarrett/Documents/pictures/2024-09_china/2024-09-10/_by_status/dup_PXL_20240910_052048297.jpg,1,4.12,9fb46904fbc517a8f410f3686ddfa5b5
dup_PXL_20240910_045113732.jpg,/Users/douglasgarrett/Documents/pictures/2024-09_china/2024-09-10/_by_status/dup_PXL_20240910_045113732.jpg,6,18.0,3909a8fd349dd41ae9eb32f84d7d42a1
good,/Users/douglasgarrett/Documents/pictures/2024-09_china/2024-09-10/_by_status/good,4,13.73,d8b4b88e26b311b2421501694b3fb0f9
dup_PXL_20240910_050148382.jpg,/Users/douglasgarrett/Documents/pictures/2024-09_china/2024-09-10/_by_status/dup_PXL_20240910_050148382.jpg,51,192.11,87dc55a04af604da76a663093daaad58
dup_PXL_20240910_030525756.jpg,/Users/douglasgarrett/Documents/pictures/2024-09_china/2024-09-10/_by_status/dup_PXL_20240910_030525756.jpg,1,3.51,d33f71db08d5796973e4c713a3af0d13
dup_PXL_20240910_093726574.jpg,/Users/douglasgarrett/Documents/pictures/2024-09_china/2024-09-10/_by_status/dup_PXL_20240910_093726574.jpg,1,4.08,6934e75287b071f0b615fa3b40d24c16
dup_PXL_20240910_033612892.jpg,/Users/douglasgarrett/Documents/pictures/2024-09_china/2024-09-10/_by_status/dup_PXL_20240910_033612892.jpg,6,17.17,76cbd90af8983e43488ab17189b6131c
dup_PXL_20240910_033800903.jpg,/Users/douglasgarrett/Documents/pictures/2024-09_china/2024-09-10/_by_status/dup_PXL_20240910_033800903.jpg,3,8.14,820ab2dcb5e5635791ca9a6f6e2bb720
videos,/Users/douglasgarrett/Documents/pictures/2024-09_china/videos,61,1786.37,75c07bb63c5e0d33eb0c0d0f389a0d69
2024-09-16,/Users/douglasgarrett/Documents/pictures/2024-09_china/2024-09-16,78,238.6,0e500744cf33cc0100de6a34ec00128e
2024-09-20,/Users/douglasgarrett/Documents/pictures/2024-09_china/2024-09-20,94,324.71,331b1db37d214866628cfa3fe2e5daa6
2024-09-18,/Users/douglasgarrett/Documents/pictures/2024-09_china/2024-09-18,65,191.76,45293db8767f97595560a7d8a65fc987
2024-09-09,/Volumes/T7/2024-09_china/2024-09-09,18,39.98,64d1a0b014f42a8f66916e61ced52f82
2024-09-10,/Volumes/T7/2024-09_china/2024-09-10,213,746.21,89df38cdc35b56e1675369a3c822c112
2024-09-12,/Volumes/T7/2024-09_china/2024-09-12,144,455.22,f7a80d8efe78108de5698ed1541005f7
2024-09-13,/Volumes/T7/2024-09_china/2024-09-13,129,589.1,71d1d12472587139fb2f4e0fa7e7a7ff
2024-09-14,/Volumes/T7/2024-09_china/2024-09-14,89,335.64,3edaa4bd7aa7898232f0501e3111ea25
2024-09-15,/Volumes/T7/2024-09_china/2024-09-15,187,576.54,b37e1e6a8d70a058b9555d58d917aff5
2024-09-16,/Volumes/T7/2024-09_china/2024-09-16,78,238.6,0e500744cf33cc0100de6a34ec00128e
2024-09-17,/Volumes/T7/2024-09_china/2024-09-17,101,357.4,8dc6ff1c92a3bf63bdf3533b195079bd
2024-09-18,/Volumes/T7/2024-09_china/2024-09-18,65,191.76,45293db8767f97595560a7d8a65fc987
2024-09-19,/Volumes/T7/2024-09_china/2024-09-19,221,596.72,3fa10b978ae15b6e43b89274eef5036d
2024-09-20,/Volumes/T7/2024-09_china/2024-09-20,94,324.71,331b1db37d214866628cfa3fe2e5daa6
2024-09-21,/Volumes/T7/2024-09_china/2024-09-21,39,100.88,8977cf36acdd246c46dcb55b1bd0c966
2024-09-22,/Volumes/T7/2024-09_china/2024-09-22,273,880.16,182d074e5fb2ed8738845c8f9938d8f7
2024-09-23,/Volumes/T7/2024-09_china/2024-09-23,119,424.35,a5f3e49e5176440cf63d717606af5667
2024-09-24,/Volumes/T7/2024-09_china/2024-09-24,199,649.25,1a1c3e9855c7ba2f110100fac28f0097
2024-09-25,/Volumes/T7/2024-09_china/2024-09-25,16,52.55,643ea2e375a89e2efc152a72e61ec9f9
videos,/Volumes/T7/2024-09_china/videos,62,1786.37,734604ba5ea3265cae3eba1554b5f3d9
whats_app,/Volumes/T7/2024-09_china/whats_app,401,122.28,0f59cc22800fea6a9dd0f7489198bba0
2025-07-27_pixel_8,/Volumes/T7/2025-07-27_pixel_8,1976,8677.3,70dc1fba9c5465eb1b9daf458f68cc6e
2025-08-23_pixel_8_test,/Volumes/T7/2025-08-23_pixel_8_test,42,63.49,595f228f4d9fe07caeb6efa77e9374db
2026-01-22_backup,/Volumes/T7/pictures/MEDIA_BACKUP/2026-01-22_backup,2884,16129.39,e192ae8a33628d70dddeb5a9755992b0
yyyy-mm-dd_backup,/Volumes/T7/pictures/MEDIA_BACKUP/yyyy-mm-dd_backup,37,99.55,37d085625e4b03b771584ff812810545
2025-11-14_backup_ipad_pixel_tg7,/Volumes/T7/pictures/MEDIA_BACKUP/2025/2025-11-14_backup_ipad_pixel_tg7,149,710.07,412b67e34f6a5a07f85c72a102a220ae
201807_a,/Volumes/T7/pictures/MEDIA_BACKUP/2025/2025-11-14_backup_ipad_pixel_tg7/201807_a,319,1300.49,04e8a7ab64524a6d794111fc6f75c5f0
202405_a,/Volumes/T7/pictures/MEDIA_BACKUP/2025/2025-11-14_backup_ipad_pixel_tg7/202405_a,2,1.54,6185313235c128594bb047ffaef1dee9
202507_a,/Volumes/T7/pictures/MEDIA_BACKUP/2025/2025-11-14_backup_ipad_pixel_tg7/202507_a,8,39.1,96ad7818e29014b4fc3af53701158a64
202507_b,/Volumes/T7/pictures/MEDIA_BACKUP/2025/2025-11-14_backup_ipad_pixel_tg7/202507_b,1,13.26,8c388db24000ab362e3f12535bc1c477
202508_a,/Volumes/T7/pictures/MEDIA_BACKUP/2025/2025-11-14_backup_ipad_pixel_tg7/202508_a,146,896.15,191ae5cc9b99cd5566d7cb693b92f8f5
202510_a,/Volumes/T7/pictures/MEDIA_BACKUP/2025/2025-11-14_backup_ipad_pixel_tg7/202510_a,1,0.19,6914e086343c7bd79c9a4d0518811080
202511_a,/Volumes/T7/pictures/MEDIA_BACKUP/2025/2025-11-14_backup_ipad_pixel_tg7/202511_a,1,1.41,ce86afa1e313345b4f1991f12fe47f0f
2025-08-16_pixel_8,/Volumes/T7/pictures/MEDIA_BACKUP/2025/2025-08-16_pixel_8,2307,9993.69,59ad67138768d6d6d4fb9c410efc5ec7
2025-08-19_pixel_8,/Volumes/T7/pictures/MEDIA_BACKUP/2025/2025-08-19_pixel_8,685,2274.64,0da939b642a32c0234a11da52cfebdea
2025-09-22_pixel_8,/Volumes/T7/pictures/MEDIA_BACKUP/2025/2025-09-22_pixel_8,407,1323.03,1dcc2582b57a17865012e32440412bcf
2025-10-07_pixel_8,/Volumes/T7/pictures/MEDIA_BACKUP/2025/2025-10-07_pixel_8,1119,3548.52,2414fe7a06986739ad8a681696204c0d
2025-10-13_pixel_8,/Volumes/T7/pictures/MEDIA_BACKUP/2025/2025-10-13_pixel_8,23,85.26,0ef31a224b9573dd8dbf537afd9139ff
2025-05-17_erik_concert,/Volumes/T7/pictures/TO_BE_REVIEWED/2025-05-17_erik_concert,3,6.66,78f4ef3bac06bfde2610d3e36adb4dab
2025-09_CO_Trip,/Volumes/T7/pictures/TO_BE_REVIEWED/2025-09_CO_Trip,1,2.05,753f450d4d22ec42adbc773df09ecba8
2025-09-14,/Volumes/T7/pictures/TO_BE_REVIEWED/2025-09_CO_Trip/2025-09-14,2,4.78,c119d6949897ec7c430766c9a9c73b18
2025-09-15,/Volumes/T7/pictures/TO_BE_REVIEWED/2025-09_CO_Trip/2025-09-15,12,32.04,644b955069d413bb85e1a451bd22140e
2025-09-16,/Volumes/T7/pictures/TO_BE_REVIEWED/2025-09_CO_Trip/2025-09-16,169,720.24,f6d324049ae8f2e1ab74400ba01f65a0
2025-09-17,/Volumes/T7/pictures/TO_BE_REVIEWED/2025-09_CO_Trip/2025-09-17,110,422.13,841a4889907840b7ef23049f8810d51c
2025-09-18,/Volumes/T7/pictures/TO_BE_REVIEWED/2025-09_CO_Trip/2025-09-18,106,389.11,9da909c6f29029476afef192d2edcf5b
2025-09-19,/Volumes/T7/pictures/TO_BE_REVIEWED/2025-09_CO_Trip/2025-09-19,228,541.44,3c373a426174e0d483e8c1a846ec153a
2025-09-20,/Volumes/T7/pictures/TO_BE_REVIEWED/2025-09_CO_Trip/2025-09-20,185,624.4,357774736e4a04d068baaf8d0189b981
2025-09-21,/Volumes/T7/pictures/TO_BE_REVIEWED/2025-09_CO_Trip/2025-09-21,217,685.88,94d5802cbcdc5d68427ef464b1adba48
videos,/Volumes/T7/pictures/TO_BE_REVIEWED/2025-09_CO_Trip/videos,11,390.56,0b333b23f342bd6b7e92e91cd0c7d6c0
2025-09-22,/Volumes/T7/pictures/TO_BE_REVIEWED/2025-09_CO_Trip/2025-09-22,40,124.91,4e9083198dd26cff86d1f2e8dd25d708
2025-09-23,/Volumes/T7/pictures/TO_BE_REVIEWED/2025-09_CO_Trip/2025-09-23,12,43.36,5fdd9d12fc6c01356a1ff1db0858c8c4
2025-09-24,/Volumes/T7/pictures/TO_BE_REVIEWED/2025-09_CO_Trip/2025-09-24,40,148.97,0c58715437bb5009ba5bcd87adcec51f
2025-09-25,/Volumes/T7/pictures/TO_BE_REVIEWED/2025-09_CO_Trip/2025-09-25,1,5.4,03f8aa9a34076b1617a220820eba441c
2025-09-26,/Volumes/T7/pictures/TO_BE_REVIEWED/2025-09_CO_Trip/2025-09-26,25,100.53,0f9c487faff6ea4b1019e7bb21bd33d4
2025-09-27,/Volumes/T7/pictures/TO_BE_REVIEWED/2025-09_CO_Trip/2025-09-27,38,181.33,e891cd8cf0aefc824a677fb07d4d9189
2025-09-28,/Volumes/T7/pictures/TO_BE_REVIEWED/2025-09_CO_Trip/2025-09-28,30,135.48,50ebb02deabd66a4167c78458c0671ff
2025-09-29,/Volumes/T7/pictures/TO_BE_REVIEWED/2025-09_CO_Trip/2025-09-29,39,113.36,a2d19c933430e392fcacc694d7b7437f
2025-09-30,/Volumes/T7/pictures/TO_BE_REVIEWED/2025-09_CO_Trip/2025-09-30,226,679.18,f966324494e6d9638b341d70971762b4
2025-10-01,/Volumes/T7/pictures/TO_BE_REVIEWED/2025-09_CO_Trip/2025-10-01,166,447.58,99f1d03f0e33f3aeadcf2a0034f7fef2
2025-10-02,/Volumes/T7/pictures/TO_BE_REVIEWED/2025-09_CO_Trip/2025-10-02,446,1111.03,b83fe6a71749758123992756fd69b725
2025-10-03,/Volumes/T7/pictures/TO_BE_REVIEWED/2025-09_CO_Trip/2025-10-03,22,43.4,1b66b04735d4abf1ec8aa0e0cc68b75a
2025-10-04,/Volumes/T7/pictures/TO_BE_REVIEWED/2025-09_CO_Trip/2025-10-04,2,4.61,48b249c12b8f1606d4478d337a3c1763
2025-09-16,/Volumes/T7/pictures/TO_BE_REVIEWED/2025-09_CO_Trip/_export/2025-09-16,9,27.37,3c9793336d0b77c68a2f19c48925f27b
2025-09-18,/Volumes/T7/pictures/TO_BE_REVIEWED/2025-09_CO_Trip/_export/2025-09-18,6,13.81,8fdb72892e537c5bfcc19e69d9e51524
2025-09-19,/Volumes/T7/pictures/TO_BE_REVIEWED/2025-09_CO_Trip/_export/2025-09-19,7,15.95,c2a39268c1fd5bdebc5806ab179cb8c2
2025-09-20,/Volumes/T7/pictures/TO_BE_REVIEWED/2025-09_CO_Trip/_export/2025-09-20,9,25.04,e344ea4a3d2c3be655bf3ea284f6cda0
2025-09-21,/Volumes/T7/pictures/TO_BE_REVIEWED/2025-09_CO_Trip/_export/2025-09-21,8,19.86,7c323eb59294a83c8ddc76bea8a69752
2025-09-22,/Volumes/T7/pictures/TO_BE_REVIEWED/2025-09_CO_Trip/_export/2025-09-22,2,5.53,634ae0b8ba8bd9ba74b1e97d9a3f0805
2025-09-24,/Volumes/T7/pictures/TO_BE_REVIEWED/2025-09_CO_Trip/_export/2025-09-24,2,5.02,432a6523444103e330170676eecf6a5e
2025-09-26,/Volumes/T7/pictures/TO_BE_REVIEWED/2025-09_CO_Trip/_export/2025-09-26,1,4.1,4ddb9be987526ca60d66e75ed3051907
2025-09-30,/Volumes/T7/pictures/TO_BE_REVIEWED/2025-09_CO_Trip/_export/2025-09-30,25,59.9,4c55bf07c6ed55dd15a3b3f40574b54b
2025-10-01,/Volumes/T7/pictures/TO_BE_REVIEWED/2025-09_CO_Trip/_export/2025-10-01,3,5.43,564eecd513329e95e6c418c37ac2a023
2025-10-02,/Volumes/T7/pictures/TO_BE_REVIEWED/2025-09_CO_Trip/_export/2025-10-02,7,12.63,05092486e26c54524cbb496b69859eca
_videos,/Volumes/T7/pictures/TO_BE_REVIEWED/2026-01_nz_au/_videos,56,3014.58,9581ba47268e7d0499cc81449f3465ac
2026-01-01,/Volumes/T7/pictures/TO_BE_REVIEWED/2026-01_nz_au/2026-01-01,1,1.42,de0f9ede2e54c8877fb18cd031513622
2026-01-02,/Volumes/T7/pictures/TO_BE_REVIEWED/2026-01_nz_au/2026-01-02,1,2.23,10b6c2f9f430f856503bc7a8285da0e7
2026-01-03,/Volumes/T7/pictures/TO_BE_REVIEWED/2026-01_nz_au/2026-01-03,117,403.75,311e1263387bddd02dcdaa5287c00752
2026-01-04,/Volumes/T7/pictures/TO_BE_REVIEWED/2026-01_nz_au/2026-01-04,6,17.69,9e2cf564977dc6daa8262d648de6faa2
2026-01-05,/Volumes/T7/pictures/TO_BE_REVIEWED/2026-01_nz_au/2026-01-05,75,236.63,3f60bd1aa712ed0b9b7a7e5aa8dd6954
2026-01-06,/Volumes/T7/pictures/TO_BE_REVIEWED/2026-01_nz_au/2026-01-06,33,121.57,fb11af2d7123781fc4b9a7fb5476351f
2026-01-07,/Volumes/T7/pictures/TO_BE_REVIEWED/2026-01_nz_au/2026-01-07,33,71.38,4ac1f0e1992eabb81e4821767b8719b1
2026-01-08,/Volumes/T7/pictures/TO_BE_REVIEWED/2026-01_nz_au/2026-01-08,29,74.99,09352a2d190b72845f8dc1e2793c99e5
2026-01-09,/Volumes/T7/pictures/TO_BE_REVIEWED/2026-01_nz_au/2026-01-09,32,126.82,f3ca916564f6354f28cc1e0a586780cb
2026-01-10,/Volumes/T7/pictures/TO_BE_REVIEWED/2026-01_nz_au/2026-01-10,201,379.52,7ee1327bb4d1f499083e96af5e0d8b06
2026-01-12,/Volumes/T7/pictures/TO_BE_REVIEWED/2026-01_nz_au/2026-01-12,2,5.17,4d555e29b648c13cdd3a9e779bfa4232
2026-01-13,/Volumes/T7/pictures/TO_BE_REVIEWED/2026-01_nz_au/2026-01-13,10,37.25,8f43867080457e777c6f1364becc8b97
2026-01-14,/Volumes/T7/pictures/TO_BE_REVIEWED/2026-01_nz_au/2026-01-14,68,233.77,014a91023cae16ae86c6035eeda41506
2026-01-15,/Volumes/T7/pictures/TO_BE_REVIEWED/2026-01_nz_au/2026-01-15,3,11.36,e8038f086bbc2e61323cbc2116f4e363
2026-01-16,/Volumes/T7/pictures/TO_BE_REVIEWED/2026-01_nz_au/2026-01-16,132,423.0,2ad4e2b31328390ea09c7e3c31169519
2026-01-17,/Volumes/T7/pictures/TO_BE_REVIEWED/2026-01_nz_au/2026-01-17,37,87.99,bf28701ba539bd15784286e6bc170dc6
2026-01-19,/Volumes/T7/pictures/TO_BE_REVIEWED/2026-01_nz_au/2026-01-19,122,427.54,7753fe5327d86821dff6e8ad2dd48a69
2025-11-27_bgc,/Volumes/T7/pictures/TO_BE_REVIEWED/2025-11_Philippines/2025-11-27_bgc,36,105.17,6b35bb4ed9e78aec3cc6bef96beac15c
2025-11-28,/Volumes/T7/pictures/TO_BE_REVIEWED/2025-11_Philippines/2025-11-28,67,227.57,ab6b00d9d65c22f0a0e31f688e3ecb87
2025-11-29,/Volumes/T7/pictures/TO_BE_REVIEWED/2025-11_Philippines/2025-11-29,147,499.97,42600d102d5f6b2d3b2546555083d326
2025-11-30,/Volumes/T7/pictures/TO_BE_REVIEWED/2025-11_Philippines/2025-11-30,4,7.65,0c377d612cff1386f34432198b3ee228
2025-12-02,/Volumes/T7/pictures/TO_BE_REVIEWED/2025-11_Philippines/2025-12-02,36,106.76,0088c04fd3fcb663ee1fde9f48bcdb93
2025-12-03,/Volumes/T7/pictures/TO_BE_REVIEWED/2025-11_Philippines/2025-12-03,95,306.39,6bef54719f57962c527a48c2dea1a64c
2025-12-04,/Volumes/T7/pictures/TO_BE_REVIEWED/2025-11_Philippines/2025-12-04,17,65.02,7185cc02cb3fe75528fb5a4df2b5512d
2025-12-05,/Volumes/T7/pictures/TO_BE_REVIEWED/2025-11_Philippines/2025-12-05,15,59.83,16669e70592d1dce2e3ac434c4a76b00
2025-12-06,/Volumes/T7/pictures/TO_BE_REVIEWED/2025-11_Philippines/2025-12-06,23,59.97,2d4aec1acd16276f8eab7dc25e5791e4
2025-12-07,/Volumes/T7/pictures/TO_BE_REVIEWED/2025-11_Philippines/2025-12-07,2,4.46,5ef705bc82e661a34e0a79f5de9a3a74
2025-12-08,/Volumes/T7/pictures/TO_BE_REVIEWED/2025-11_Philippines/2025-12-08,5,20.16,c651019d97841665ed67bfe1e8f3ec0d
2025-12-09,/Volumes/T7/pictures/TO_BE_REVIEWED/2025-11_Philippines/2025-12-09,18,81.09,fb01d7926db6f9b89d44e107412496cd
2025-12-10,/Volumes/T7/pictures/TO_BE_REVIEWED/2025-11_Philippines/2025-12-10,26,107.45,16948116eb2a2f889200e632d92caaa8
2025-12-11,/Volumes/T7/pictures/TO_BE_REVIEWED/2025-11_Philippines/2025-12-11,4,8.09,6cf06dd2563f47fde11790d8f35abebf
2025-12-13,/Volumes/T7/pictures/TO_BE_REVIEWED/2025-11_Philippines/2025-12-13,15,41.4,f40d5b1c0e64a6b075489deea919b4eb
2025-12-14,/Volumes/T7/pictures/TO_BE_REVIEWED/2025-11_Philippines/2025-12-14,16,56.9,520d0fb77c7c8af617bb9fe8f610a7da
2025-12-15,/Volumes/T7/pictures/TO_BE_REVIEWED/2025-11_Philippines/2025-12-15,460,2308.67,b9c67b25a4a41c63d60c0d1c60e65590
2025-12-16,/Volumes/T7/pictures/TO_BE_REVIEWED/2025-11_Philippines/2025-12-16,41,155.61,4ee2a3fd07d17cfd2735c007f9e3bddf
2025-12-17,/Volumes/T7/pictures/TO_BE_REVIEWED/2025-11_Philippines/2025-12-17,20,54.29,76414953a24873e5c453f6b065c8d427
2025-12-18,/Volumes/T7/pictures/TO_BE_REVIEWED/2025-11_Philippines/2025-12-18,216,1095.85,00d7c98c1fc299f89fdb80c6944cb467
2025-12-19,/Volumes/T7/pictures/TO_BE_REVIEWED/2025-11_Philippines/2025-12-19,109,365.48,bcbd44325feddec45035841b35560cd7
2025-12-20,/Volumes/T7/pictures/TO_BE_REVIEWED/2025-11_Philippines/2025-12-20,9,26.04,7daa6bbafb69191cba838d4718c56bb9
2025-12-21,/Volumes/T7/pictures/TO_BE_REVIEWED/2025-11_Philippines/2025-12-21,158,839.71,ac4c5a98a0b3eb56c8d761d2b41fac09
2025-12-22,/Volumes/T7/pictures/TO_BE_REVIEWED/2025-11_Philippines/2025-12-22,142,728.67,ed9c7343be4c9170d3df388b3e6d95a0
2025-12-23,/Volumes/T7/pictures/TO_BE_REVIEWED/2025-11_Philippines/2025-12-23,35,141.49,ce1fd5c73635aeea7d5422f05616e7ba
2025-12-24,/Volumes/T7/pictures/TO_BE_REVIEWED/2025-11_Philippines/2025-12-24,81,374.68,1bb251af451eb7fbca87f8ead2dd6929
2025-12-25,/Volumes/T7/pictures/TO_BE_REVIEWED/2025-11_Philippines/2025-12-25,5,12.94,ca1341169e43e0e094a632fa1ad308d7
2025-12-26,/Volumes/T7/pictures/TO_BE_REVIEWED/2025-11_Philippines/2025-12-26,1,2.49,150f6db0b3acec7c359e9e3ad7a64be4
2025-12-27,/Volumes/T7/pictures/TO_BE_REVIEWED/2025-11_Philippines/2025-12-27,16,28.8,3920291513616e9ef0ff54a555532194
2025-12-28,/Volumes/T7/pictures/TO_BE_REVIEWED/2025-11_Philippines/2025-12-28,17,43.03,beba0448ba0ff585df7eac449ac27a74
2025-12-29,/Volumes/T7/pictures/TO_BE_REVIEWED/2025-11_Philippines/2025-12-29,24,54.72,f8661a9d011e52403a69c637e689e362
_videos,/Volumes/T7/pictures/TO_BE_REVIEWED/2025-11_Philippines/_videos,35,2375.97,fd6b7d0f806374a5e476b0df79532706
2025-06-06,/Volumes/T7/pictures/TO_BE_REVIEWED/2025-06_alaska/2025-06-06,10,30.32,ac3366489ed1b04f94cb8fb17fad43c1
2025-06-08,/Volumes/T7/pictures/TO_BE_REVIEWED/2025-06_alaska/2025-06-08,1,1.85,b499a76aa5a83a55e7964918f8bc7629
2025-06-09,/Volumes/T7/pictures/TO_BE_REVIEWED/2025-06_alaska/2025-06-09,47,139.74,7ed0732d1e2da0d9dd2f94a4aee4fd1c
2025-06-10,/Volumes/T7/pictures/TO_BE_REVIEWED/2025-06_alaska/2025-06-10,24,58.34,c71603955c13713f59b330274aa2dc80
2025-06-11,/Volumes/T7/pictures/TO_BE_REVIEWED/2025-06_alaska/2025-06-11,129,370.75,9b338ca6c62995665080daab2003ed25
2025-06-12,/Volumes/T7/pictures/TO_BE_REVIEWED/2025-06_alaska/2025-06-12,72,229.83,b733aac6dcb645879a351429dfba2c55
2025-06-13,/Volumes/T7/pictures/TO_BE_REVIEWED/2025-06_alaska/2025-06-13,119,221.12,694f57376012424326a80c3c23893b7b
2025-06-14,/Volumes/T7/pictures/TO_BE_REVIEWED/2025-06_alaska/2025-06-14,162,392.32,59f3a29a7dc0c802004fff2d2db38595
2025-06-15,/Volumes/T7/pictures/TO_BE_REVIEWED/2025-06_alaska/2025-06-15,62,254.04,8f9a1172e6dbebb4439324c906684d84
2025-06-16,/Volumes/T7/pictures/TO_BE_REVIEWED/2025-06_alaska/2025-06-16,183,588.53,b8d0350e2c2ba5ebd1db371d5c4539f9
2025-06-17,/Volumes/T7/pictures/TO_BE_REVIEWED/2025-06_alaska/2025-06-17,264,613.5,ab32490dccb0d5c55404dbc0e6f327c8
2025-06-18,/Volumes/T7/pictures/TO_BE_REVIEWED/2025-06_alaska/2025-06-18,18,46.03,0a9679e5d01c9fcf66b3734385a60c68
2025-06-19,/Volumes/T7/pictures/TO_BE_REVIEWED/2025-06_alaska/2025-06-19,134,383.66,75901e3f29b8faf49b192433006a2255
2025-06-20,/Volumes/T7/pictures/TO_BE_REVIEWED/2025-06_alaska/2025-06-20,147,459.24,9a95c89912fdaaead86a28e13ed10713
2025-06-21,/Volumes/T7/pictures/TO_BE_REVIEWED/2025-06_alaska/2025-06-21,47,117.14,10e777778ea86f70c9417f6da36139d8
2025-06-22,/Volumes/T7/pictures/TO_BE_REVIEWED/2025-06_alaska/2025-06-22,178,515.82,2a3ba728157ec78c5bbd9ba9b03f911d
2025-06-23,/Volumes/T7/pictures/TO_BE_REVIEWED/2025-06_alaska/2025-06-23,5,6.45,b8927127d7afceb7f6e96937de65ba6d
2025-06-24,/Volumes/T7/pictures/TO_BE_REVIEWED/2025-06_alaska/2025-06-24,31,97.84,186a6d058b82b73dc6807a92f579ee4f
2025-06-25,/Volumes/T7/pictures/TO_BE_REVIEWED/2025-06_alaska/2025-06-25,56,173.48,fec3c775bd02106f373fc77557e92c8b
2025-06-27,/Volumes/T7/pictures/TO_BE_REVIEWED/2025-06_alaska/2025-06-27,5,10.57,85da9b1943e6567b167a450d67c45014
2025-06-28,/Volumes/T7/pictures/TO_BE_REVIEWED/2025-06_alaska/2025-06-28,3,10.78,f2f3c020694191e0e129fd1cef58c5b0
2025-06-02,/Volumes/T7/pictures/TO_BE_REVIEWED/2025_beer_flights/2025-06-02,1,4.78,78f275e49c53f970fe123e957c66f384
2025-06-30,/Volumes/T7/pictures/TO_BE_REVIEWED/2025_beer_flights/2025-06-30,3,6.48,69ad3f5ae9badc5de56101e0ee3e3687
2025-07-08,/Volumes/T7/pictures/TO_BE_REVIEWED/2025_beer_flights/2025-07-08,4,11.54,470442ff1270c1c951f3f9c683b2dbc0
2025-07-10,/Volumes/T7/pictures/TO_BE_REVIEWED/2025_beer_flights/2025-07-10,17,47.9,b2449da5ed9be86e19eb3a396cde60fd
2025-07-12,/Volumes/T7/pictures/TO_BE_REVIEWED/2025_beer_flights/2025-07-12,3,6.35,9173062d5d3ff89acaa5761d4ea93f53
2025-07-31,/Volumes/T7/pictures/TO_BE_REVIEWED/2025_beer_flights/2025-07-31,1,3.4,fb31cc7d03e2b1dfdc3186e6fb87ab9e
2025-08-23,/Volumes/T7/pictures/TO_BE_REVIEWED/2025_beer_flights/2025-08-23,7,18.57,dd944628dafdb82449e83dcb1d3ad17f
2025-10-08,/Volumes/T7/pictures/TO_BE_REVIEWED/2025_beer_flights/2025-10-08,12,24.3,92421f655a65809b3c0853e2be44b420
2025_video,/Volumes/T7/pictures/TO_BE_REVIEWED/2025_video,131,3705.26,aced1617b69deb02f2226c6e20e9d793
2025-05-15,/Volumes/T7/pictures/TO_BE_REVIEWED/2025_misc/2025-05-15,1,2.89,d17dfee17103dbc2ed2a8c9074d1b864
2025-05-18,/Volumes/T7/pictures/TO_BE_REVIEWED/2025_misc/2025-05-18,2,8.34,7c76d7e3722b39f04fb35d0fb026e4d9
2025-05-23,/Volumes/T7/pictures/TO_BE_REVIEWED/2025_misc/2025-05-23,6,20.08,73e7cdda2b71913b209e88bb45045fc6
2025-05-24,/Volumes/T7/pictures/TO_BE_REVIEWED/2025_misc/2025-05-24,8,21.11,9d9daed3151efbe8a00d07942936d9b2
2025-06-01,/Volumes/T7/pictures/TO_BE_REVIEWED/2025_misc/2025-06-01,2,2.37,234b90c3c3f66ad6b74cebaccf2ed62b
2025-06-05,/Volumes/T7/pictures/TO_BE_REVIEWED/2025_misc/2025-06-05,1,1.23,dff0e796f939808c549a749a3f3f22de
2025-06-29,/Volumes/T7/pictures/TO_BE_REVIEWED/2025_misc/2025-06-29,1,5.6,5a9808dcd17a7a36eb9c95de23fac6cc
2025-07-03,/Volumes/T7/pictures/TO_BE_REVIEWED/2025_misc/2025-07-03,1,1.92,688bad56a1a404af4c42ef0e98bd83ce
2025-07-09,/Volumes/T7/pictures/TO_BE_REVIEWED/2025_misc/2025-07-09,1,1.71,9e545140c879fe0b892bf0a0128150f5
2025-07-18,/Volumes/T7/pictures/TO_BE_REVIEWED/2025_misc/2025-07-18,2,7.19,0b99f84e3ae39e8b25fa4fab5c9d1efc
2025-07-24,/Volumes/T7/pictures/TO_BE_REVIEWED/2025_misc/2025-07-24,4,8.54,31c610db2aacf0ecc8e79fbeb5fa6e33
2025-07-27,/Volumes/T7/pictures/TO_BE_REVIEWED/2025_misc/2025-07-27,1,3.56,8692f706ad47e89fd9c9e6217f70eafb
2025-07-30,/Volumes/T7/pictures/TO_BE_REVIEWED/2025_misc/2025-07-30,1,3.01,15c33d0667d88a921a9813f0d509d48b
2025-08-14,/Volumes/T7/pictures/TO_BE_REVIEWED/2025_misc/2025-08-14,3,8.49,74e52d0a79dd7b9cc00974250a86eaad
2025-08-16,/Volumes/T7/pictures/TO_BE_REVIEWED/2025_misc/2025-08-16,4,21.47,faba5b179f6b4d75db01c6ab55f5d2a8
2025-08-17,/Volumes/T7/pictures/TO_BE_REVIEWED/2025_misc/2025-08-17,2,6.96,d956bcfdfee82c4a081ec3d6ac8287c7
2025-08-18,/Volumes/T7/pictures/TO_BE_REVIEWED/2025_misc/2025-08-18,5,12.63,6dbd2e84360ccf4fb8054e6232bb9aba
2025-08-19,/Volumes/T7/pictures/TO_BE_REVIEWED/2025_misc/2025-08-19,2,6.77,a5c84d8b4a8fcbf2b131f7d835b32c02
2025-08-20,/Volumes/T7/pictures/TO_BE_REVIEWED/2025_misc/2025-08-20,1,2.73,c39f342bb9aaf0b353c5ec23defb2701
2025-08-21,/Volumes/T7/pictures/TO_BE_REVIEWED/2025_misc/2025-08-21,7,24.44,e648a3711070a3ce98500e27c75c2efd
2025-08-22,/Volumes/T7/pictures/TO_BE_REVIEWED/2025_misc/2025-08-22,1,2.67,a0309a6830c85e1a37621f4f795015e9
2025-08-26,/Volumes/T7/pictures/TO_BE_REVIEWED/2025_misc/2025-08-26,3,8.57,6450ff1d33c8c24ad2b3a664f3f52949
2025-08-27,/Volumes/T7/pictures/TO_BE_REVIEWED/2025_misc/2025-08-27,4,7.45,9574870e34dbe1b74306fe6e8a01e324
2025-08-28,/Volumes/T7/pictures/TO_BE_REVIEWED/2025_misc/2025-08-28,7,15.28,a3f97a90f723a362dee895ec1a7a9aa1
2025-08-29,/Volumes/T7/pictures/TO_BE_REVIEWED/2025_misc/2025-08-29,5,5.94,4cc618ed4a9976b9f8fb1c1528eb9251
2025-08-30,/Volumes/T7/pictures/TO_BE_REVIEWED/2025_misc/2025-08-30,6,12.85,23cc0990365e5c4377f9f25312d5c0a7
2025-08-31,/Volumes/T7/pictures/TO_BE_REVIEWED/2025_misc/2025-08-31,3,6.38,04c0d6f9ab5e4c631e79fd683d57b337
2025-09-01,/Volumes/T7/pictures/TO_BE_REVIEWED/2025_misc/2025-09-01,2,6.09,476435fcc2d5b6693f3ddc401d08a3f3
2025-09-09,/Volumes/T7/pictures/TO_BE_REVIEWED/2025_misc/2025-09-09,1,1.77,5b02c1bcd89d97cd24099e2ea3997b50
2025-09-11,/Volumes/T7/pictures/TO_BE_REVIEWED/2025_misc/2025-09-11,1,2.86,f98220a808c3748402f8ebd45fa03113
2025-10-05,/Volumes/T7/pictures/TO_BE_REVIEWED/2025_misc/2025-10-05,1,1.71,ed5f85716a8333a93f97fe20ebf0e454
2025-10-06,/Volumes/T7/pictures/TO_BE_REVIEWED/2025_misc/2025-10-06,5,7.83,55c70671e7bc916eef49a07bccbdd04f
2025-10-07,/Volumes/T7/pictures/TO_BE_REVIEWED/2025_misc/2025-10-07,1,2.26,66514d22c61d9211091c2eb2a8e93fc3
2025-10-09,/Volumes/T7/pictures/TO_BE_REVIEWED/2025_misc/2025-10-09,1,2.62,98b3203c75b053957236e3f65c708931
2025-10-11,/Volumes/T7/pictures/TO_BE_REVIEWED/2025_misc/2025-10-11,7,51.16,f3aacb28bbc301a24f9e31bbeb471bbb
2025-11-15,/Volumes/T7/pictures/TO_BE_REVIEWED/2025_misc/2025-11-15,1,4.39,0728999a46930421d7ced2f8f5b1534e
2025-11-16,/Volumes/T7/pictures/TO_BE_REVIEWED/2025_misc/2025-11-16,5,15.59,a88465072b40486120db188b4c6f8603
2025-11-17,/Volumes/T7/pictures/TO_BE_REVIEWED/2025_misc/2025-11-17,1,1.96,a748805775b3b9bcaaf56a7324b7c787
2025-11-18,/Volumes/T7/pictures/TO_BE_REVIEWED/2025_misc/2025-11-18,7,20.33,64c2e8a55ad02807566c04cc11b32f39
2025-11-19,/Volumes/T7/pictures/TO_BE_REVIEWED/2025_misc/2025-11-19,1,2.23,3067d8298783826d26ab5da5c57acaf7
2025-11-20,/Volumes/T7/pictures/TO_BE_REVIEWED/2025_misc/2025-11-20,2,5.33,025ccec52b21926cd012496cca6fdff5
2025-11-23,/Volumes/T7/pictures/TO_BE_REVIEWED/2025_misc/2025-11-23,3,8.71,46c135c2ff55a292557164c1151cec4c
2025-11-24,/Volumes/T7/pictures/TO_BE_REVIEWED/2025_misc/2025-11-24,7,21.66,a7477cb55e621729b01b483883438be7
2025-11-26,/Volumes/T7/pictures/TO_BE_REVIEWED/2025_misc/2025-11-26,3,6.25,0563d5cee0578a1af23cb32fe31788b3
2025-05-19,/Volumes/T7/pictures/TO_BE_REVIEWED/2025_new_brighton/2025-05-19,5,27.1,3dd2c5beeb737b8fb6ab8b7cd2f1e937
2025-05-20,/Volumes/T7/pictures/TO_BE_REVIEWED/2025_new_brighton/2025-05-20,7,30.81,8a4bf06257c858b08b964a8190e46300
2025-05-21,/Volumes/T7/pictures/TO_BE_REVIEWED/2025_new_brighton/2025-05-21,1,4.08,ab74d1473ce242946c23d9d87d957533
2025-05-22,/Volumes/T7/pictures/TO_BE_REVIEWED/2025_new_brighton/2025-05-22,12,45.41,ba18ba8b6731ac3eb28155bfbce51dae
2025-05-27,/Volumes/T7/pictures/TO_BE_REVIEWED/2025_new_brighton/2025-05-27,7,33.11,822b1d2ec28b0b426ed04257bd9cfa1c
2025-05-28,/Volumes/T7/pictures/TO_BE_REVIEWED/2025_new_brighton/2025-05-28,3,12.35,91a48bc1840136d8ea884b29f2e7a4fb
2025-05-29,/Volumes/T7/pictures/TO_BE_REVIEWED/2025_new_brighton/2025-05-29,10,28.94,0f56a2f35af28b981e0b8dbc593f15e1
2025-05-30,/Volumes/T7/pictures/TO_BE_REVIEWED/2025_new_brighton/2025-05-30,3,3.17,de9d72d013a263b265a1e79990b62cd1
2025-07-14,/Volumes/T7/pictures/TO_BE_REVIEWED/2025_new_brighton/2025-07-14,3,11.19,be8e91facf5754de5d9accab810572f7
2025-07-15,/Volumes/T7/pictures/TO_BE_REVIEWED/2025_new_brighton/2025-07-15,4,13.69,e7552f2bcbfe16a09c1394d12182a2d0
2025-07-16,/Volumes/T7/pictures/TO_BE_REVIEWED/2025_new_brighton/2025-07-16,17,24.44,24bc056806c44c1740b3f0fa9fe6ff5f
2025-07-21,/Volumes/T7/pictures/TO_BE_REVIEWED/2025_new_brighton/2025-07-21,8,31.69,db87e6fd518deaee7dcf27423193d910
2025-07-22,/Volumes/T7/pictures/TO_BE_REVIEWED/2025_new_brighton/2025-07-22,3,6.11,f1cb71702b9f5ce8882b48dda44aabd0
2025-07-23,/Volumes/T7/pictures/TO_BE_REVIEWED/2025_new_brighton/2025-07-23,6,13.21,743ceefad5deff9b823ce01de5ceb0d5
2025-08-06,/Volumes/T7/pictures/TO_BE_REVIEWED/2025_new_brighton/2025-08-06,6,20.17,8b18cf3b2f69313bf154988b37af2cc9
2025-08-07,/Volumes/T7/pictures/TO_BE_REVIEWED/2025_new_brighton/2025-08-07,2,8.94,ca2a1fe130bca6e0a17ad10a16085008
2025-08-08,/Volumes/T7/pictures/TO_BE_REVIEWED/2025_new_brighton/2025-08-08,2,5.35,39db5a0cac1cd14dfd020e6215d0d125
2025-08-11,/Volumes/T7/pictures/TO_BE_REVIEWED/2025_new_brighton/2025-08-11,31,69.29,c3b94c19379adff6cf92a253e0d59b66
2025-08-12,/Volumes/T7/pictures/TO_BE_REVIEWED/2025_new_brighton/2025-08-12,16,42.96,2ddb7b401a33bfb53f6b2f757b53aae2
2025-08-02,/Volumes/T7/pictures/TO_BE_REVIEWED/2025-08_es_family_visit/2025-08-02,27,76.72,6e754853327146c60e9961d8189ace7d
2025-08-03,/Volumes/T7/pictures/TO_BE_REVIEWED/2025-08_es_family_visit/2025-08-03,121,432.37,ba53c902749892a58f9ceabd51155a18
2025-08-04,/Volumes/T7/pictures/TO_BE_REVIEWED/2025-08_es_family_visit/2025-08-04,50,248.56,f188ed348489ee0091f0cfd2e7a93cbc
2025-08-05,/Volumes/T7/pictures/TO_BE_REVIEWED/2025-08_es_family_visit/2025-08-05,65,172.77,654ce48193a7602de4f69b0b1b6b328d
2025-06-06,/Volumes/T7/2025_pictures_copied_to_passport/2025-06_alaska/2025-06-06,10,30.32,ac3366489ed1b04f94cb8fb17fad43c1
2025-06-08,/Volumes/T7/2025_pictures_copied_to_passport/2025-06_alaska/2025-06-08,1,1.85,b499a76aa5a83a55e7964918f8bc7629
2025-06-09,/Volumes/T7/2025_pictures_copied_to_passport/2025-06_alaska/2025-06-09,47,139.74,7ed0732d1e2da0d9dd2f94a4aee4fd1c
2025-06-10,/Volumes/T7/2025_pictures_copied_to_passport/2025-06_alaska/2025-06-10,24,58.34,c71603955c13713f59b330274aa2dc80
2025-06-11,/Volumes/T7/2025_pictures_copied_to_passport/2025-06_alaska/2025-06-11,129,370.75,9b338ca6c62995665080daab2003ed25
2025-06-12,/Volumes/T7/2025_pictures_copied_to_passport/2025-06_alaska/2025-06-12,72,229.83,b733aac6dcb645879a351429dfba2c55
2025-06-13,/Volumes/T7/2025_pictures_copied_to_passport/2025-06_alaska/2025-06-13,119,221.12,694f57376012424326a80c3c23893b7b
2025-06-14,/Volumes/T7/2025_pictures_copied_to_passport/2025-06_alaska/2025-06-14,162,392.32,59f3a29a7dc0c802004fff2d2db38595
2025-06-15,/Volumes/T7/2025_pictures_copied_to_passport/2025-06_alaska/2025-06-15,62,254.04,8f9a1172e6dbebb4439324c906684d84
2025-06-16,/Volumes/T7/2025_pictures_copied_to_passport/2025-06_alaska/2025-06-16,183,588.53,b8d0350e2c2ba5ebd1db371d5c4539f9
2025-06-17,/Volumes/T7/2025_pictures_copied_to_passport/2025-06_alaska/2025-06-17,264,613.5,ab32490dccb0d5c55404dbc0e6f327c8
2025-06-18,/Volumes/T7/2025_pictures_copied_to_passport/2025-06_alaska/2025-06-18,18,46.03,0a9679e5d01c9fcf66b3734385a60c68
2025-06-19,/Volumes/T7/2025_pictures_copied_to_passport/2025-06_alaska/2025-06-19,134,383.66,75901e3f29b8faf49b192433006a2255
2025-06-20,/Volumes/T7/2025_pictures_copied_to_passport/2025-06_alaska/2025-06-20,147,459.24,9a95c89912fdaaead86a28e13ed10713
2025-06-21,/Volumes/T7/2025_pictures_copied_to_passport/2025-06_alaska/2025-06-21,47,117.14,10e777778ea86f70c9417f6da36139d8
2025-06-22,/Volumes/T7/2025_pictures_copied_to_passport/2025-06_alaska/2025-06-22,178,515.82,2a3ba728157ec78c5bbd9ba9b03f911d
2025-06-23,/Volumes/T7/2025_pictures_copied_to_passport/2025-06_alaska/2025-06-23,5,6.45,b8927127d7afceb7f6e96937de65ba6d
2025-06-24,/Volumes/T7/2025_pictures_copied_to_passport/2025-06_alaska/2025-06-24,31,97.84,186a6d058b82b73dc6807a92f579ee4f
2025-06-25,/Volumes/T7/2025_pictures_copied_to_passport/2025-06_alaska/2025-06-25,56,173.48,fec3c775bd02106f373fc77557e92c8b
2025-06-27,/Volumes/T7/2025_pictures_copied_to_passport/2025-06_alaska/2025-06-27,5,10.57,85da9b1943e6567b167a450d67c45014
2025-06-28,/Volumes/T7/2025_pictures_copied_to_passport/2025-06_alaska/2025-06-28,3,10.78,f2f3c020694191e0e129fd1cef58c5b0
2025-06-10,/Volumes/T7/2025_pictures_copied_to_passport/2025-06_alaska/_selfies_export/2025-06-10,1,2.32,26e2cd92e80e723d80b63d6faa79d1d6
2025-06-12,/Volumes/T7/2025_pictures_copied_to_passport/2025-06_alaska/_selfies_export/2025-06-12,1,3.09,f0e2229408a4a43cc0d5f1c08c7330a2
2025-06-13,/Volumes/T7/2025_pictures_copied_to_passport/2025-06_alaska/_selfies_export/2025-06-13,6,12.09,1a010c79ba702cf858579aab1b9dd9be
2025-06-14,/Volumes/T7/2025_pictures_copied_to_passport/2025-06_alaska/_selfies_export/2025-06-14,2,3.55,9501eabfb9d65dbf72c0e7ff86cee427
2025-06-15,/Volumes/T7/2025_pictures_copied_to_passport/2025-06_alaska/_selfies_export/2025-06-15,4,11.75,0324bf98d84852db43086d7b96f46e30
2025-06-16,/Volumes/T7/2025_pictures_copied_to_passport/2025-06_alaska/_selfies_export/2025-06-16,4,11.01,da1292bbc3ce01094e8c06ff3360ae0b
2025-06-17,/Volumes/T7/2025_pictures_copied_to_passport/2025-06_alaska/_selfies_export/2025-06-17,11,18.62,89ed8979b0f40d7eda0c2cf8c34b13ab
2025-06-20,/Volumes/T7/2025_pictures_copied_to_passport/2025-06_alaska/_selfies_export/2025-06-20,14,36.48,26ec3b9bec823ef28b0cf859fb2366b7
2025-06-22,/Volumes/T7/2025_pictures_copied_to_passport/2025-06_alaska/_selfies_export/2025-06-22,3,6.75,adff7d2729c4e8f4196b182d87d46de1
2025-06-25,/Volumes/T7/2025_pictures_copied_to_passport/2025-06_alaska/_selfies_export/2025-06-25,4,8.65,633d0aeb8717eebf160d58584b11932b
2025-08-02,/Volumes/T7/2025_pictures_copied_to_passport/2025-08_FL_visitors/2025-08-02,27,76.72,6e754853327146c60e9961d8189ace7d
2025-08-03,/Volumes/T7/2025_pictures_copied_to_passport/2025-08_FL_visitors/2025-08-03,121,432.37,ba53c902749892a58f9ceabd51155a18
2025-08-04,/Volumes/T7/2025_pictures_copied_to_passport/2025-08_FL_visitors/2025-08-04,50,248.56,f188ed348489ee0091f0cfd2e7a93cbc
2025-08-05,/Volumes/T7/2025_pictures_copied_to_passport/2025-08_FL_visitors/2025-08-05,64,171.1,1b546b74822e47151c6b21e906ec7654
2025-08_FL_visitors_videos,/Volumes/T7/2025_pictures_copied_to_passport/2025-08_FL_visitors/2025-08_FL_visitors_videos,10,160.91,77539f1557a110456523244d063f0069
2025_videos,/Volumes/T7/2025_pictures_copied_to_passport/2025_videos,121,3544.35,0b6d80c310e46b4a2e855dce50edfdcf
2025-05-15,/Volumes/T7/2025_pictures_copied_to_passport/2025_misc/2025-05-15,1,2.89,d17dfee17103dbc2ed2a8c9074d1b864
2025-05-17,/Volumes/T7/2025_pictures_copied_to_passport/2025_misc/2025-05-17,3,6.66,78f4ef3bac06bfde2610d3e36adb4dab
2025-05-18,/Volumes/T7/2025_pictures_copied_to_passport/2025_misc/2025-05-18,2,8.34,7c76d7e3722b39f04fb35d0fb026e4d9
2025-05-19,/Volumes/T7/2025_pictures_copied_to_passport/2025_misc/2025-05-19,5,27.1,3dd2c5beeb737b8fb6ab8b7cd2f1e937
2025-05-20,/Volumes/T7/2025_pictures_copied_to_passport/2025_misc/2025-05-20,7,30.81,8a4bf06257c858b08b964a8190e46300
2025-05-21,/Volumes/T7/2025_pictures_copied_to_passport/2025_misc/2025-05-21,1,4.08,ab74d1473ce242946c23d9d87d957533
2025-05-22,/Volumes/T7/2025_pictures_copied_to_passport/2025_misc/2025-05-22,12,45.41,ba18ba8b6731ac3eb28155bfbce51dae
2025-05-23,/Volumes/T7/2025_pictures_copied_to_passport/2025_misc/2025-05-23,6,20.08,73e7cdda2b71913b209e88bb45045fc6
2025-05-24,/Volumes/T7/2025_pictures_copied_to_passport/2025_misc/2025-05-24,8,21.11,9d9daed3151efbe8a00d07942936d9b2
2025-05-27,/Volumes/T7/2025_pictures_copied_to_passport/2025_misc/2025-05-27,7,33.11,822b1d2ec28b0b426ed04257bd9cfa1c
2025-05-28,/Volumes/T7/2025_pictures_copied_to_passport/2025_misc/2025-05-28,3,12.35,91a48bc1840136d8ea884b29f2e7a4fb
2025-05-29,/Volumes/T7/2025_pictures_copied_to_passport/2025_misc/2025-05-29,10,28.94,0f56a2f35af28b981e0b8dbc593f15e1
2025-05-30,/Volumes/T7/2025_pictures_copied_to_passport/2025_misc/2025-05-30,3,3.17,de9d72d013a263b265a1e79990b62cd1
2025-06-01,/Volumes/T7/2025_pictures_copied_to_passport/2025_misc/2025-06-01,2,2.37,234b90c3c3f66ad6b74cebaccf2ed62b
2025-06-02,/Volumes/T7/2025_pictures_copied_to_passport/2025_misc/2025-06-02,1,4.78,78f275e49c53f970fe123e957c66f384
2025-06-05,/Volumes/T7/2025_pictures_copied_to_passport/2025_misc/2025-06-05,1,1.23,dff0e796f939808c549a749a3f3f22de
2025-06-29,/Volumes/T7/2025_pictures_copied_to_passport/2025_misc/2025-06-29,1,5.6,5a9808dcd17a7a36eb9c95de23fac6cc
2025-06-30,/Volumes/T7/2025_pictures_copied_to_passport/2025_misc/2025-06-30,3,6.48,69ad3f5ae9badc5de56101e0ee3e3687
2025-07-03,/Volumes/T7/2025_pictures_copied_to_passport/2025_misc/2025-07-03,1,1.92,688bad56a1a404af4c42ef0e98bd83ce
2025-07-04,/Volumes/T7/2025_pictures_copied_to_passport/2025_misc/2025-07-04,1,4.23,f7c81987ba4d78ced7310758bf1e41b2
2025-07-07,/Volumes/T7/2025_pictures_copied_to_passport/2025_misc/2025-07-07,2,7.13,4703da273ff7ca2ae9bfbe104e94e210
2025-07-08,/Volumes/T7/2025_pictures_copied_to_passport/2025_misc/2025-07-08,9,21.97,ad2e80348d11682a1a2b3309385cfef0
2025-07-09,/Volumes/T7/2025_pictures_copied_to_passport/2025_misc/2025-07-09,1,1.71,9e545140c879fe0b892bf0a0128150f5
2025-07-10,/Volumes/T7/2025_pictures_copied_to_passport/2025_misc/2025-07-10,17,47.9,b2449da5ed9be86e19eb3a396cde60fd
2025-07-12,/Volumes/T7/2025_pictures_copied_to_passport/2025_misc/2025-07-12,4,8.65,4ad0c89bf8af27d05971708f94441a93
2025-07-14,/Volumes/T7/2025_pictures_copied_to_passport/2025_misc/2025-07-14,3,11.19,be8e91facf5754de5d9accab810572f7
2025-07-15,/Volumes/T7/2025_pictures_copied_to_passport/2025_misc/2025-07-15,5,17.4,e4740f4e958a2d0f0b04792084997cda
2025-07-16,/Volumes/T7/2025_pictures_copied_to_passport/2025_misc/2025-07-16,17,24.44,24bc056806c44c1740b3f0fa9fe6ff5f
2025-07-18,/Volumes/T7/2025_pictures_copied_to_passport/2025_misc/2025-07-18,2,7.19,0b99f84e3ae39e8b25fa4fab5c9d1efc
2025-07-21,/Volumes/T7/2025_pictures_copied_to_passport/2025_misc/2025-07-21,8,31.69,db87e6fd518deaee7dcf27423193d910
2025-07-22,/Volumes/T7/2025_pictures_copied_to_passport/2025_misc/2025-07-22,3,6.11,f1cb71702b9f5ce8882b48dda44aabd0
2025-07-23,/Volumes/T7/2025_pictures_copied_to_passport/2025_misc/2025-07-23,6,13.21,743ceefad5deff9b823ce01de5ceb0d5
2025-07-24,/Volumes/T7/2025_pictures_copied_to_passport/2025_misc/2025-07-24,4,8.54,31c610db2aacf0ecc8e79fbeb5fa6e33
2025-07-27,/Volumes/T7/2025_pictures_copied_to_passport/2025_misc/2025-07-27,1,3.56,8692f706ad47e89fd9c9e6217f70eafb
2025-07-30,/Volumes/T7/2025_pictures_copied_to_passport/2025_misc/2025-07-30,1,3.01,15c33d0667d88a921a9813f0d509d48b
2025-07-31,/Volumes/T7/2025_pictures_copied_to_passport/2025_misc/2025-07-31,1,3.4,fb31cc7d03e2b1dfdc3186e6fb87ab9e
2025-08-06,/Volumes/T7/2025_pictures_copied_to_passport/2025_misc/2025-08-06,4,10.39,116278eca1902e6f4466a9d2e306f96b
2025-08-07,/Volumes/T7/2025_pictures_copied_to_passport/2025_misc/2025-08-07,2,8.94,ca2a1fe130bca6e0a17ad10a16085008
2025-08-08,/Volumes/T7/2025_pictures_copied_to_passport/2025_misc/2025-08-08,1,3.0,894c2a86789e544bac3ccb079ae49020
2025-08-11,/Volumes/T7/2025_pictures_copied_to_passport/2025_misc/2025-08-11,5,18.99,f14b0b422cb339fef35922eaf0d0786a
2025-08-12,/Volumes/T7/2025_pictures_copied_to_passport/2025_misc/2025-08-12,16,42.96,2ddb7b401a33bfb53f6b2f757b53aae2
2025-08-14,/Volumes/T7/2025_pictures_copied_to_passport/2025_misc/2025-08-14,3,8.49,74e52d0a79dd7b9cc00974250a86eaad
2025-08-16,/Volumes/T7/2025_pictures_copied_to_passport/2025_misc/2025-08-16,4,21.47,faba5b179f6b4d75db01c6ab55f5d2a8
2024-04-11,/Volumes/T7/2024-04_eastern_europe/2024-04-11,60,171.39,7053767753b0c21233205849d104e943
2024-04-12,/Volumes/T7/2024-04_eastern_europe/2024-04-12,188,611.67,f6b90637363cadae0e62a942ad23c0a6
2024-04-13,/Volumes/T7/2024-04_eastern_europe/2024-04-13,187,618.19,c8a305ba68d7d0314e0b4120bd1c0a3e
2024-04-14,/Volumes/T7/2024-04_eastern_europe/2024-04-14,53,185.92,6a4cb1ff1dd8d3a85f3f0190c10a0d97
2024-04-15,/Volumes/T7/2024-04_eastern_europe/2024-04-15,239,783.52,a012c59276e8491c3544783d8f2dd223
2024-04-16,/Volumes/T7/2024-04_eastern_europe/2024-04-16,188,572.01,a46b138a76da8525d4d4c517985d888a
2024-04-17,/Volumes/T7/2024-04_eastern_europe/2024-04-17,138,412.02,29006368067885afa7ecd54be8e7c3b4
2024-04-18,/Volumes/T7/2024-04_eastern_europe/2024-04-18,177,551.26,098ff44a7cc946f8834a0d4a93475e01
2024-04-19,/Volumes/T7/2024-04_eastern_europe/2024-04-19,205,601.52,4e75ca56641668d0ab3a55f46cab207d
2024-04-20,/Volumes/T7/2024-04_eastern_europe/2024-04-20,103,344.3,576bf8ae7c1784c138537abfc41565d3
2024-04-21,/Volumes/T7/2024-04_eastern_europe/2024-04-21,120,386.38,f424b17a4201d63997fb81d171f103c8
2024-04-22,/Volumes/T7/2024-04_eastern_europe/2024-04-22,157,515.77,8e87016be2c4d733f8e6b0840e739dae
2024-04-23,/Volumes/T7/2024-04_eastern_europe/2024-04-23,113,427.83,1844b467d5899ddb63da94cf7faedeb9
2024-04-24,/Volumes/T7/2024-04_eastern_europe/2024-04-24,186,577.47,d3cfe7b27d2a3159efb5807970b407b8
2024-04-25,/Volumes/T7/2024-04_eastern_europe/2024-04-25,90,334.6,cc5cbcfedd60b2ea235f3008f5d26dea
2024-04-26,/Volumes/T7/2024-04_eastern_europe/2024-04-26,113,366.07,1999389c125b3d7e67bdd861fba0910a
2024-04-27,/Volumes/T7/2024-04_eastern_europe/2024-04-27,89,326.59,27945912175b30e43e597fcecd9e3319
2024-04-28,/Volumes/T7/2024-04_eastern_europe/2024-04-28,106,337.66,3149f60b5beac7181a526d22b593cf3e
2024-04-29,/Volumes/T7/2024-04_eastern_europe/2024-04-29,332,1072.51,1ea28b427d3b90bd936eb7b8b8561010
2024-04-30,/Volumes/T7/2024-04_eastern_europe/2024-04-30,134,355.22,3fb9305d2ae009226151bfe4faff1601
2024-05-01,/Volumes/T7/2024-04_eastern_europe/2024-05-01,14,34.66,d4d5d73f4f5a21afa2180a4c0336df3c
2024-05-02,/Volumes/T7/2024-04_eastern_europe/2024-05-02,628,2086.32,28a9e2379291350687ad6be9f0c4f466
